{
  "benchmark": {
    "tests": [
      {
        "test_id": 1,
        "common parameters": {
          "c1": 2.05,
          "c2": 2.05,
          "dimensions": 2,
          "draw_online": false,
          "draw_result": false,
          "initial_inertia_weight": 0.72984,
          "max_iterations": 150,
          "num_tests": 10,
          "num_particles": 25
        },
        "results": [
          {
            "f_id": 1,
            "function_type": "wielomian",
            "inertia": [
              {
                "mode": 0,
                "values": [
                  1.0549985156757913e-09,
                  7.479445890347897e-10,
                  2.3680155797418e-07,
                  3.2597924797236785e-09,
                  4.949732452160396e-10,
                  3.920059536134812e-10,
                  1.0591618994338435e-11,
                  1.7726731613741342e-09,
                  7.053323005502141e-08,
                  1.3446599852486937e-08
                ],
                "time": [
                  0.02064967155456543,
                  0.028733253479003906,
                  0.0210421085357666,
                  0.02417755126953125,
                  0.022241830825805664,
                  0.021226882934570312,
                  0.031728267669677734,
                  0.03037405014038086,
                  0.03631758689880371,
                  0.023601770401000977
                ]
              },
              {
                "mode": 1,
                "values": [
                  1.9072715880342845e-24,
                  6.146851434993358e-20,
                  1.3501030699216187e-23,
                  2.8765189746820354e-25,
                  5.810121453923812e-22,
                  5.7802242662654e-22,
                  5.111546261818199e-21,
                  3.33848463167219e-23,
                  9.088242056413959e-20,
                  1.6391411329383696e-22
                ],
                "time": [
                  0.025556564331054688,
                  0.029004812240600586,
                  0.023380041122436523,
                  0.024585485458374023,
                  0.02225184440612793,
                  0.02443981170654297,
                  0.024784088134765625,
                  0.027378320693969727,
                  0.02174973487854004,
                  0.027375459671020508
                ]
              },
              {
                "mode": 2,
                "values": [
                  5.110723736374263e-63,
                  3.447191650037596e-69,
                  4.279205887912173e-69,
                  3.0082912432834627e-66,
                  4.230019558766609e-65,
                  6.977907776168996e-61,
                  7.762816938800033e-61,
                  4.8655921643721145e-67,
                  4.501704986189757e-54,
                  5.11213320292622e-63
                ],
                "time": [
                  0.042157649993896484,
                  0.046384572982788086,
                  0.034343719482421875,
                  0.032082557678222656,
                  0.03122544288635254,
                  0.03182077407836914,
                  0.03297734260559082,
                  0.03584790229797363,
                  0.03397655487060547,
                  0.02679753303527832
                ]
              }
            ]
          },
          {
            "f_id": 2,
            "function_type": "booth",
            "inertia": [
              {
                "mode": 0,
                "values": [
                  2.957580883235439e-09,
                  1.048117362159921e-06,
                  4.072502655000631e-10,
                  4.3969632212127774e-09,
                  2.0543888101518453e-08,
                  7.362237986349008e-08,
                  2.4088552889798828e-08,
                  9.699350711404964e-11,
                  5.069652705575611e-08,
                  1.904303144024846e-08
                ],
                "time": [
                  0.020333290100097656,
                  0.02461385726928711,
                  0.02497076988220215,
                  0.021332263946533203,
                  0.023032426834106445,
                  0.02281022071838379,
                  0.019864797592163086,
                  0.021988868713378906,
                  0.024226903915405273,
                  0.0552217960357666
                ]
              },
              {
                "mode": 1,
                "values": [
                  1.0576815224278725e-18,
                  1.2563915597904143e-19,
                  9.305984861669375e-19,
                  2.39258449131641e-17,
                  2.2628598927682035e-19,
                  4.629135819399679e-20,
                  1.7623085454681198e-19,
                  1.8968919795029273e-18,
                  2.656452414993311e-18,
                  1.2030593575883027e-18
                ],
                "time": [
                  0.05485033988952637,
                  0.0436406135559082,
                  0.022166013717651367,
                  0.026587963104248047,
                  0.02227783203125,
                  0.02642369270324707,
                  0.02162957191467285,
                  0.023033857345581055,
                  0.031224727630615234,
                  0.026456356048583984
                ]
              },
              {
                "mode": 2,
                "values": [
                  0.0,
                  8.926639562954239e-25,
                  6.217363048288712e-24,
                  7.888609052210118e-31,
                  1.0136862632090002e-27,
                  3.1554436208840472e-30,
                  3.646588420474649e-25,
                  0.0,
                  7.196712184222923e-21,
                  0.0
                ],
                "time": [
                  0.021546363830566406,
                  0.024499893188476562,
                  0.02358698844909668,
                  0.026163578033447266,
                  0.023472070693969727,
                  0.029799699783325195,
                  0.023984432220458984,
                  0.03394961357116699,
                  0.06235504150390625,
                  0.04963326454162598
                ]
              }
            ]
          },
          {
            "f_id": 3,
            "function_type": "rosenbrock",
            "inertia": [
              {
                "mode": 0,
                "values": [
                  0.007112728036443626,
                  0.010127307038861368,
                  1.3275245903949222e-05,
                  0.0013641105226803825,
                  0.00020025627163856283,
                  0.0009154283420366847,
                  0.0038780112765332787,
                  0.0008068089768491848,
                  0.003229299829146776,
                  0.0004226808793254031
                ],
                "time": [
                  0.03039860725402832,
                  0.020400524139404297,
                  0.022559404373168945,
                  0.02538442611694336,
                  0.03385806083679199,
                  0.03454327583312988,
                  0.030447006225585938,
                  0.021106719970703125,
                  0.023386716842651367,
                  0.028125762939453125
                ]
              },
              {
                "mode": 1,
                "values": [
                  2.959511183091831e-05,
                  3.791451235834233e-06,
                  0.00016369105991626657,
                  1.1156383728735383e-07,
                  7.562815505414011e-07,
                  2.4878198045635136e-05,
                  0.0024671290783978006,
                  8.192374001368005e-05,
                  3.849821350548165e-06,
                  2.1002194504247818e-07
                ],